{"cameraMode":{"drawMode":0,"name":"Shaded","section":"Shading Mode"},"sceneLighting":false,"audioPlay":false,"sceneViewState":{"m_AlwaysRefresh":false,"showFog":true,"showSkybox":false,"showFlares":true,"showImageEffects":true,"showParticleSystems":true,"showVisualEffectGraphs":true,"m_FxEnabled":true},"in2DMode":false,"pivot":{"x":-0.000011444091796875,"y":-19.02229118347168,"z":0.879633903503418},"rotation":{"x":0.21884441375732423,"y":0.41025814414024355,"z":-0.10209356993436814,"w":0.8794159293174744},"size":43.32704162597656,"orthographic":true}