{"cameraMode":{"drawMode":0,"name":"Shaded","section":"Shading Mode"},"sceneLighting":false,"audioPlay":false,"sceneViewState":{"m_AlwaysRefresh":false,"showFog":true,"showSkybox":false,"showFlares":true,"showImageEffects":true,"showParticleSystems":true,"showVisualEffectGraphs":true,"m_FxEnabled":true},"in2DMode":false,"pivot":{"x":7.450580596923828e-9,"y":-0.44999998807907107,"z":-7.450580596923828e-9},"rotation":{"x":0.16826000809669496,"y":0.8176621794700623,"z":-0.29661816358566286,"w":0.46382930874824526},"size":0.12247450649738312,"orthographic":true}